Name,Email,State
Robert White,robert.white1@mail.com,OH
William Sanchez,william.sanchez2@emailtest.org,IL
Michael Robinson,michael.robinson3@mail.com,MA
Nancy White,nancy.white4@example.com,TX
Charles Williams,charles.williams5@emailtest.org,AZ
John Lewis,john.lewis6@emailtest.org,TX
Susan Garcia,susan.garcia7@example.com,WA
Mary White,mary.white8@example.com,IN
David Robinson,david.robinson9@emailtest.org,CO
Matthew Jones,matthew.jones10@example.com,TN
James Garcia,james.garcia11@mail.com,PA
William Johnson,william.johnson12@testmail.com,TX
Betty Jackson,betty.jackson13@example.com,NC
Sarah Davis,sarah.davis14@dummyemail.com,WA
Robert Davis,robert.davis15@dummyemail.com,OH
Margaret Anderson,margaret.anderson16@testmail.com,TX
Joseph Thompson,joseph.thompson17@emailtest.org,CA
Christopher Lewis,christopher.lewis18@dummyemail.com,MA
Mark Rodriguez,mark.rodriguez19@dummyemail.com,CA
Michael Hernandez,michael.hernandez20@emailtest.org,MI
Christopher Perez,christopher.perez21@emailtest.org,IL
Daniel Martin,daniel.martin22@mail.com,TN
Mark Wilson,mark.wilson23@emailtest.org,CA
Susan Johnson,susan.johnson24@mail.com,OK
Jessica Davis,jessica.davis25@testmail.com,DC
Linda Ramirez,linda.ramirez26@dummyemail.com,TN
Margaret Moore,margaret.moore27@mail.com,DC
Margaret Gonzalez,margaret.gonzalez28@dummyemail.com,AZ
Linda Lee,linda.lee29@emailtest.org,MA
John Sanchez,john.sanchez30@emailtest.org,NC
Mark Moore,mark.moore31@dummyemail.com,OH
Christopher Martin,christopher.martin32@emailtest.org,CO
Karen Johnson,karen.johnson33@dummyemail.com,MA
Susan Anderson,susan.anderson34@testmail.com,OH
Elizabeth Martin,elizabeth.martin35@example.com,TX
Richard Williams,richard.williams36@mail.com,TX
Elizabeth Perez,elizabeth.perez37@example.com,CA
David Garcia,david.garcia38@emailtest.org,TX
John Thomas,john.thomas39@dummyemail.com,CA
Christopher Garcia,christopher.garcia40@dummyemail.com,IN
Sarah Gonzalez,sarah.gonzalez41@testmail.com,MA
Joseph Johnson,joseph.johnson42@testmail.com,CA
John Harris,john.harris43@example.com,OH
Anthony Jones,anthony.jones44@example.com,OK
Richard Lopez,richard.lopez45@mail.com,CA
David Garcia,david.garcia46@dummyemail.com,TX
Christopher Gonzalez,christopher.gonzalez47@mail.com,DC
Richard Robinson,richard.robinson48@example.com,TX
Richard Thompson,richard.thompson49@dummyemail.com,CO
Sarah Rodriguez,sarah.rodriguez50@mail.com,IN
Susan Thomas,susan.thomas51@mail.com,TN
Joseph Thomas,joseph.thomas52@example.com,IN
Michael Martin,michael.martin53@emailtest.org,CA
Jessica Rodriguez,jessica.rodriguez54@mail.com,CA
Richard Hernandez,richard.hernandez55@mail.com,FL
Linda Davis,linda.davis56@example.com,CA
Sandra White,sandra.white57@emailtest.org,DC
Richard Perez,richard.perez58@dummyemail.com,CA
Joseph White,joseph.white59@emailtest.org,OK
Joseph Sanchez,joseph.sanchez60@testmail.com,NC
Mark Gonzalez,mark.gonzalez61@dummyemail.com,AZ
John Brown,john.brown62@emailtest.org,CA
Elizabeth Gonzalez,elizabeth.gonzalez63@dummyemail.com,CA
Sandra Smith,sandra.smith64@testmail.com,TN
Susan Martinez,susan.martinez65@testmail.com,CO
Daniel Jones,daniel.jones66@example.com,CA
John Lopez,john.lopez67@example.com,TX
Jennifer Robinson,jennifer.robinson68@emailtest.org,OK
Daniel Williams,daniel.williams69@example.com,MI
William Thomas,william.thomas70@testmail.com,OH
Jennifer Gonzalez,jennifer.gonzalez71@example.com,TX
Jessica Jackson,jessica.jackson72@example.com,CA
Patricia Martinez,patricia.martinez73@dummyemail.com,CA
Jennifer Lee,jennifer.lee74@example.com,TX
Margaret Anderson,margaret.anderson75@testmail.com,TX
John Jackson,john.jackson76@emailtest.org,CA
Joseph Ramirez,joseph.ramirez77@mail.com,TN
Matthew Clark,matthew.clark78@dummyemail.com,MA
Christopher Sanchez,christopher.sanchez79@testmail.com,NC
Linda Gonzalez,linda.gonzalez80@mail.com,CA
Thomas Martin,thomas.martin81@dummyemail.com,CA
Christopher Thompson,christopher.thompson82@testmail.com,MA
Jennifer Lopez,jennifer.lopez83@emailtest.org,OH
Jennifer Robinson,jennifer.robinson84@example.com,CA
Charles Thomas,charles.thomas85@testmail.com,NY
Thomas Jones,thomas.jones86@testmail.com,CA
Anthony Ramirez,anthony.ramirez87@testmail.com,TX
James Williams,james.williams88@mail.com,TX
Mary Williams,mary.williams89@example.com,MA
Linda Rodriguez,linda.rodriguez90@testmail.com,FL
Michael Sanchez,michael.sanchez91@example.com,NY
Richard Martinez,richard.martinez92@emailtest.org,MI
Patricia Clark,patricia.clark93@testmail.com,IL
William Perez,william.perez94@testmail.com,TX
Mary Jones,mary.jones95@emailtest.org,WA
Joseph Robinson,joseph.robinson96@example.com,OH
Linda Johnson,linda.johnson97@example.com,TX
Robert Harris,robert.harris98@example.com,TX
Richard Johnson,richard.johnson99@emailtest.org,TX
David Rodriguez,david.rodriguez100@example.com,TX
